{
	"credit": "Made with Blockbench",
	"parent": "block/block",
	"textures": {
		"particle": "#block"
	},
	"elements": [
		{
			"name": "block",
			"from": [0, 0, 0],
			"to": [16, 16, 16],
			"faces": {
				"north": {"uv": [0, 0, 16, 16], "texture": "#block", "cullface": "north", "tintindex": 0},
				"east": {"uv": [0, 0, 16, 16], "texture": "#block", "cullface": "east", "tintindex": 0},
				"south": {"uv": [0, 0, 16, 16], "texture": "#block", "cullface": "south", "tintindex": 0},
				"west": {"uv": [0, 0, 16, 16], "texture": "#block", "cullface": "west", "tintindex": 0},
				"up": {"uv": [0, 0, 16, 16], "texture": "#block", "cullface": "up", "tintindex": 0},
				"down": {"uv": [0, 0, 16, 16], "texture": "#block", "cullface": "down", "tintindex": 0}
			}
		},
		{
			"name": "cross",
			"from": [8, -3, -6],
			"to": [8, 19, 21],
			"rotation": {"angle": 45, "axis": "y", "origin": [8, 8, 8]},
			"faces": {
				"east": {"uv": [0, 0, 16, 16], "texture": "#cross", "tintindex": 0},
				"west": {"uv": [16, 0, 0, 16], "texture": "#cross", "tintindex": 0}
			}
		},
		{
			"name": "cross",
			"from": [8, -3, -6],
			"to": [8, 19, 21],
			"rotation": {"angle": -45, "axis": "y", "origin": [8, 8, 8]},
			"faces": {
				"east": {"uv": [0, 0, 16, 16], "texture": "#cross", "tintindex": 0},
				"west": {"uv": [16, 0, 0, 16], "texture": "#cross", "tintindex": 0}
			}
		},
		{
			"from": [0, 9, -4],
			"to": [16, 9, 2],
			"rotation": {"angle": -22.5, "axis": "x", "origin": [8, 9, -0.5]},
			"faces": {
				"up": {"uv": [3.5, 12.5, 11.5, 15.5], "rotation": 180, "texture": "#cross", "tintindex": 0},
				"down": {"uv": [11.5, 12.5, 3.5, 15.5], "texture": "#cross", "tintindex": 0}
			}
		},
		{
			"from": [0, 9, 14],
			"to": [16, 9, 20],
			"rotation": {"angle": 22.5, "axis": "x", "origin": [8, 9, 16.5]},
			"faces": {
				"up": {"uv": [3.5, 12.5, 11.5, 15.5], "texture": "#cross", "tintindex": 0},
				"down": {"uv": [11.5, 12.5, 3.5, 15.5], "rotation": 180, "texture": "#cross", "tintindex": 0}
			}
		},
		{
			"from": [14, 9, -0.5],
			"to": [20, 9, 15.5],
			"rotation": {"angle": 22.5, "axis": "z", "origin": [16.5, 9, 7.5]},
			"faces": {
				"up": {"uv": [3.5, 12.5, 11.5, 15.5], "rotation": 270, "texture": "#cross", "tintindex": 0},
				"down": {"uv": [11.5, 12.5, 3.5, 15.5], "rotation": 270, "texture": "#cross", "tintindex": 0}
			}
		},
		{
			"from": [-4, 9, -0.5],
			"to": [2, 9, 15.5],
			"rotation": {"angle": -22.5, "axis": "z", "origin": [-0.5, 9, 7.5]},
			"faces": {
				"up": {"uv": [3.5, 12.5, 11.5, 15.5], "rotation": 90, "texture": "#cross", "tintindex": 0},
				"down": {"uv": [11.5, 12.5, 3.5, 15.5], "rotation": 90, "texture": "#cross", "tintindex": 0}
			}
		}
	]
}