{
  "variants": {
    "": [
        {"model": "minecraft:block/leaves/acacia_leaves/acacia_leaves", "x": 180},
        {"model": "minecraft:block/leaves/acacia_leaves/acacia_leaves", "x": 180, "y": 90},
        {"model": "minecraft:block/leaves/acacia_leaves/variant_1", "x": 180},
        {"model": "minecraft:block/leaves/acacia_leaves/variant_1", "x": 180, "y": 90},
        {"model": "minecraft:block/leaves/acacia_leaves/variant_2", "x": 180},
        {"model": "minecraft:block/leaves/acacia_leaves/variant_2", "x": 180, "y": 90},
        {"model": "minecraft:block/leaves/acacia_leaves/variant_3", "x": 180},
        {"model": "minecraft:block/leaves/acacia_leaves/variant_3", "x": 180, "y": 90}
    ]  
  }
}