{
  "variants": {
    "": [
        {"model": "minecraft:block/leaves/dark_oak_leaves/dark_oak_leaves"},
        {"model": "minecraft:block/leaves/dark_oak_leaves/dark_oak_leaves", "y": 90},
        {"model": "minecraft:block/leaves/dark_oak_leaves/dark_oak_leaves", "x": 90},
        {"model": "minecraft:block/leaves/dark_oak_leaves/dark_oak_leaves", "x": 90, "y": 90},
        {"model": "minecraft:block/leaves/dark_oak_leaves/dark_oak_leaves", "z": 90},
        {"model": "minecraft:block/leaves/dark_oak_leaves/dark_oak_leaves", "z": 90, "y": 90},
        {"model": "minecraft:block/leaves/dark_oak_leaves/variant_1"},
        {"model": "minecraft:block/leaves/dark_oak_leaves/variant_1", "y": 90},
        {"model": "minecraft:block/leaves/dark_oak_leaves/variant_1", "x": 90},
        {"model": "minecraft:block/leaves/dark_oak_leaves/variant_1", "x": 90, "y": 90},
        {"model": "minecraft:block/leaves/dark_oak_leaves/variant_1", "z": 90},
        {"model": "minecraft:block/leaves/dark_oak_leaves/variant_1", "z": 90, "y": 90},
        {"model": "minecraft:block/leaves/dark_oak_leaves/variant_2"},
        {"model": "minecraft:block/leaves/dark_oak_leaves/variant_2", "y": 90},
        {"model": "minecraft:block/leaves/dark_oak_leaves/variant_2", "x": 90},
        {"model": "minecraft:block/leaves/dark_oak_leaves/variant_2", "x": 90, "y": 90},
        {"model": "minecraft:block/leaves/dark_oak_leaves/variant_2", "z": 90},
        {"model": "minecraft:block/leaves/dark_oak_leaves/variant_2", "z": 90, "y": 90},
        {"model": "minecraft:block/leaves/dark_oak_leaves/variant_3"},
        {"model": "minecraft:block/leaves/dark_oak_leaves/variant_3", "y": 90},
        {"model": "minecraft:block/leaves/dark_oak_leaves/variant_3", "x": 90},
        {"model": "minecraft:block/leaves/dark_oak_leaves/variant_3", "x": 90, "y": 90},
        {"model": "minecraft:block/leaves/dark_oak_leaves/variant_3", "z": 90},
        {"model": "minecraft:block/leaves/dark_oak_leaves/variant_3", "z": 90, "y": 90}
    ]  
  }
}