{
  "variants": {
    "": [
        {"model": "minecraft:block/leaves/spruce_leaves/spruce_leaves"},
        {"model": "minecraft:block/leaves/spruce_leaves/spruce_leaves", "y": 90},
        {"model": "minecraft:block/leaves/spruce_leaves/variant_1"},
        {"model": "minecraft:block/leaves/spruce_leaves/variant_1", "y": 90},
        {"model": "minecraft:block/leaves/spruce_leaves/variant_2"},
        {"model": "minecraft:block/leaves/spruce_leaves/variant_2", "y": 90},
        {"model": "minecraft:block/leaves/spruce_leaves/variant_3"},
        {"model": "minecraft:block/leaves/spruce_leaves/variant_3", "y": 90}
    ]  
  }
}