{
    "display": {
        "icon": {
            "item": "biomesoplenty:bop_icon"
        },
        "title": {
            "translate": "advancements.biomesoplenty.all_biomes.title"
        },
        "description": {
            "translate": "advancements.biomesoplenty.all_biomes.description"
        },
        "frame": "challenge",
		"show_toast": true,
        "announce_to_chat": true
    },
	"parent": "minecraft:adventure/adventuring_time",
    "criteria": {
		"auroral_garden": {
			"trigger": "minecraft:location",
			"conditions": {
				"player": [
					{
						"condition": "minecraft:entity_properties",
						"entity": "this",
						"predicate": {
							"location": {
								"biome": "biomesoplenty:auroral_garden"
							}
						}
					}
				]
			}
		},
		"bamboo_grove": {
            "trigger": "minecraft:location",
            "conditions": {
			"player": [
			  {
				"condition": "minecraft:entity_properties",
				"entity": "this",
				"predicate": {
				  "location": {
					"biome": "biomesoplenty:bamboo_grove"
				  }
				}
			  }
			]
		  }
        },
		"bayou": {
            "trigger": "minecraft:location",
            "conditions": {
			"player": [
			  {
				"condition": "minecraft:entity_properties",
				"entity": "this",
				"predicate": {
				  "location": {
					"biome": "biomesoplenty:bayou"
				  }
				}
			  }
			]
		  }
        },
        "bog": {
            "trigger": "minecraft:location",
            "conditions": {
			"player": [
			  {
				"condition": "minecraft:entity_properties",
				"entity": "this",
				"predicate": {
				  "location": {
					"biome": "biomesoplenty:bog"
				  }
				}
			  }
			]
		  }
        },
		"cherry_blossom_grove": {
            "trigger": "minecraft:location",
            "conditions": {
			"player": [
			  {
				"condition": "minecraft:entity_properties",
				"entity": "this",
				"predicate": {
				  "location": {
					"biome": "biomesoplenty:cherry_blossom_grove"
				  }
				}
			  }
			]
		  }
        },
        "clover_patch": {
            "trigger": "minecraft:location",
            "conditions": {
			"player": [
			  {
				"condition": "minecraft:entity_properties",
				"entity": "this",
				"predicate": {
				  "location": {
					"biome": "biomesoplenty:clover_patch"
				  }
				}
			  }
			]
		  }
        },
        "cold_desert": {
            "trigger": "minecraft:location",
            "conditions": {
			"player": [
			  {
				"condition": "minecraft:entity_properties",
				"entity": "this",
				"predicate": {
				  "location": {
					"biome": "biomesoplenty:cold_desert"
				  }
				}
			  }
			]
		  }
        },
		"coniferous_forest": {
            "trigger": "minecraft:location",
            "conditions": {
			"player": [
			  {
				"condition": "minecraft:entity_properties",
				"entity": "this",
				"predicate": {
				  "location": {
					"biome": "biomesoplenty:coniferous_forest"
				  }
				}
			  }
			]
		  }
        },
		"crag": {
            "trigger": "minecraft:location",
            "conditions": {
			"player": [
			  {
				"condition": "minecraft:entity_properties",
				"entity": "this",
				"predicate": {
				  "location": {
					"biome": "biomesoplenty:crag"
				  }
				}
			  }
			]
		  }
        },
		"crystalline_chasm": {
            "trigger": "minecraft:location",
            "conditions": {
			"player": [
			  {
				"condition": "minecraft:entity_properties",
				"entity": "this",
				"predicate": {
				  "location": {
					"biome": "biomesoplenty:crystalline_chasm"
				  }
				}
			  }
			]
		  }
        },
		"dead_forest": {
            "trigger": "minecraft:location",
            "conditions": {
			"player": [
			  {
				"condition": "minecraft:entity_properties",
				"entity": "this",
				"predicate": {
				  "location": {
					"biome": "biomesoplenty:dead_forest"
				  }
				}
			  }
			]
		  }
        },
		"dryland": {
            "trigger": "minecraft:location",
            "conditions": {
			"player": [
			  {
				"condition": "minecraft:entity_properties",
				"entity": "this",
				"predicate": {
				  "location": {
					"biome": "biomesoplenty:dryland"
				  }
				}
			  }
			]
		  }
        },
		"dune_beach": {
            "trigger": "minecraft:location",
            "conditions": {
			"player": [
			  {
				"condition": "minecraft:entity_properties",
				"entity": "this",
				"predicate": {
				  "location": {
					"biome": "biomesoplenty:dune_beach"
				  }
				}
			  }
			]
		  }
        },
		"erupting_inferno": {
            "trigger": "minecraft:location",
            "conditions": {
			"player": [
			  {
				"condition": "minecraft:entity_properties",
				"entity": "this",
				"predicate": {
				  "location": {
					"biome": "biomesoplenty:erupting_inferno"
				  }
				}
			  }
			]
		  }
        },
		"field": {
            "trigger": "minecraft:location",
            "conditions": {
			"player": [
			  {
				"condition": "minecraft:entity_properties",
				"entity": "this",
				"predicate": {
				  "location": {
					"biome": "biomesoplenty:field"
				  }
				}
			  }
			]
		  }
        },
		"fir_clearing": {
            "trigger": "minecraft:location",
            "conditions": {
			"player": [
			  {
				"condition": "minecraft:entity_properties",
				"entity": "this",
				"predicate": {
				  "location": {
					"biome": "biomesoplenty:fir_clearing"
				  }
				}
			  }
			]
		  }
        },
        "floodplain": {
            "trigger": "minecraft:location",
            "conditions": {
			"player": [
			  {
				"condition": "minecraft:entity_properties",
				"entity": "this",
				"predicate": {
				  "location": {
					"biome": "biomesoplenty:floodplain"
				  }
				}
			  }
			]
		  }
        },
		"forested_field": {
            "trigger": "minecraft:location",
            "conditions": {
			"player": [
			  {
				"condition": "minecraft:entity_properties",
				"entity": "this",
				"predicate": {
				  "location": {
					"biome": "biomesoplenty:forested_field"
				  }
				}
			  }
			]
		  }
        },
		"fungal_jungle": {
            "trigger": "minecraft:location",
            "conditions": {
			"player": [
			  {
				"condition": "minecraft:entity_properties",
				"entity": "this",
				"predicate": {
				  "location": {
					"biome": "biomesoplenty:fungal_jungle"
				  }
				}
			  }
			]
		  }
        },
		"glowing_grotto": {
            "trigger": "minecraft:location",
            "conditions": {
			"player": [
			  {
				"condition": "minecraft:entity_properties",
				"entity": "this",
				"predicate": {
				  "location": {
					"biome": "biomesoplenty:glowing_grotto"
				  }
				}
			  }
			]
		  }
        },
		"grassland": {
            "trigger": "minecraft:location",
            "conditions": {
			"player": [
			  {
				"condition": "minecraft:entity_properties",
				"entity": "this",
				"predicate": {
				  "location": {
					"biome": "biomesoplenty:grassland"
				  }
				}
			  }
			]
		  }
        },
		"highland": {
            "trigger": "minecraft:location",
            "conditions": {
			"player": [
			  {
				"condition": "minecraft:entity_properties",
				"entity": "this",
				"predicate": {
				  "location": {
					"biome": "biomesoplenty:highland"
				  }
				}
			  }
			]
		  }
        },
        "highland_moor": {
            "trigger": "minecraft:location",
            "conditions": {
			"player": [
			  {
				"condition": "minecraft:entity_properties",
				"entity": "this",
				"predicate": {
				  "location": {
					"biome": "biomesoplenty:highland_moor"
				  }
				}
			  }
			]
		  }
        },
		"jade_cliffs": {
            "trigger": "minecraft:location",
            "conditions": {
			"player": [
			  {
				"condition": "minecraft:entity_properties",
				"entity": "this",
				"predicate": {
				  "location": {
					"biome": "biomesoplenty:jade_cliffs"
				  }
				}
			  }
			]
		  }
        },
		"lavender_field": {
            "trigger": "minecraft:location",
            "conditions": {
			"player": [
			  {
				"condition": "minecraft:entity_properties",
				"entity": "this",
				"predicate": {
				  "location": {
					"biome": "biomesoplenty:lavender_field"
				  }
				}
			  }
			]
		  }
        },
		"lavender_forest": {
            "trigger": "minecraft:location",
            "conditions": {
			"player": [
			  {
				"condition": "minecraft:entity_properties",
				"entity": "this",
				"predicate": {
				  "location": {
					"biome": "biomesoplenty:lavender_forest"
				  }
				}
			  }
			]
		  }
        },
		"lush_desert": {
            "trigger": "minecraft:location",
            "conditions": {
			"player": [
			  {
				"condition": "minecraft:entity_properties",
				"entity": "this",
				"predicate": {
				  "location": {
					"biome": "biomesoplenty:lush_desert"
				  }
				}
			  }
			]
		  }
        },
		"lush_savanna": {
            "trigger": "minecraft:location",
            "conditions": {
			"player": [
			  {
				"condition": "minecraft:entity_properties",
				"entity": "this",
				"predicate": {
				  "location": {
					"biome": "biomesoplenty:lush_savanna"
				  }
				}
			  }
			]
		  }
        },
		"maple_woods": {
            "trigger": "minecraft:location",
            "conditions": {
			"player": [
			  {
				"condition": "minecraft:entity_properties",
				"entity": "this",
				"predicate": {
				  "location": {
					"biome": "biomesoplenty:maple_woods"
				  }
				}
			  }
			]
		  }
        },
		"marsh": {
            "trigger": "minecraft:location",
            "conditions": {
			"player": [
			  {
				"condition": "minecraft:entity_properties",
				"entity": "this",
				"predicate": {
				  "location": {
					"biome": "biomesoplenty:marsh"
				  }
				}
			  }
			]
		  }
        },
		"mediterranean_forest": {
            "trigger": "minecraft:location",
            "conditions": {
			"player": [
			  {
				"condition": "minecraft:entity_properties",
				"entity": "this",
				"predicate": {
				  "location": {
					"biome": "biomesoplenty:mediterranean_forest"
				  }
				}
			  }
			]
		  }
        },
		"muskeg": {
            "trigger": "minecraft:location",
            "conditions": {
			"player": [
			  {
				"condition": "minecraft:entity_properties",
				"entity": "this",
				"predicate": {
				  "location": {
					"biome": "biomesoplenty:muskeg"
				  }
				}
			  }
			]
		  }
        },
		"mystic_grove": {
            "trigger": "minecraft:location",
            "conditions": {
			"player": [
			  {
				"condition": "minecraft:entity_properties",
				"entity": "this",
				"predicate": {
				  "location": {
					"biome": "biomesoplenty:mystic_grove"
				  }
				}
			  }
			]
		  }
        },
		"old_growth_dead_forest": {
            "trigger": "minecraft:location",
            "conditions": {
			"player": [
			  {
				"condition": "minecraft:entity_properties",
				"entity": "this",
				"predicate": {
				  "location": {
					"biome": "biomesoplenty:old_growth_dead_forest"
				  }
				}
			  }
			]
		  }
        },
		"old_growth_woodland": {
            "trigger": "minecraft:location",
            "conditions": {
			"player": [
			  {
				"condition": "minecraft:entity_properties",
				"entity": "this",
				"predicate": {
				  "location": {
					"biome": "biomesoplenty:old_growth_woodland"
				  }
				}
			  }
			]
		  }
        },
		"ominous_woods": {
            "trigger": "minecraft:location",
            "conditions": {
			"player": [
			  {
				"condition": "minecraft:entity_properties",
				"entity": "this",
				"predicate": {
				  "location": {
					"biome": "biomesoplenty:ominous_woods"
				  }
				}
			  }
			]
		  }
        },
		"orchard": {
            "trigger": "minecraft:location",
            "conditions": {
			"player": [
			  {
				"condition": "minecraft:entity_properties",
				"entity": "this",
				"predicate": {
				  "location": {
					"biome": "biomesoplenty:orchard"
				  }
				}
			  }
			]
		  }
        },
        "origin_valley": {
            "trigger": "minecraft:location",
            "conditions": {
			"player": [
			  {
				"condition": "minecraft:entity_properties",
				"entity": "this",
				"predicate": {
				  "location": {
					"biome": "biomesoplenty:origin_valley"
				  }
				}
			  }
			]
		  }
        },
		"pasture": {
            "trigger": "minecraft:location",
            "conditions": {
			"player": [
			  {
				"condition": "minecraft:entity_properties",
				"entity": "this",
				"predicate": {
				  "location": {
					"biome": "biomesoplenty:pasure"
				  }
				}
			  }
			]
		  }
        },
		"prairie": {
            "trigger": "minecraft:location",
            "conditions": {
			"player": [
			  {
				"condition": "minecraft:entity_properties",
				"entity": "this",
				"predicate": {
				  "location": {
					"biome": "biomesoplenty:prairie"
				  }
				}
			  }
			]
		  }
        },
		"pumpkin_patch": {
            "trigger": "minecraft:location",
            "conditions": {
			"player": [
			  {
				"condition": "minecraft:entity_properties",
				"entity": "this",
				"predicate": {
				  "location": {
					"biome": "biomesoplenty:pumpkin_patch"
				  }
				}
			  }
			]
		  }
        },
		"rainforest": {
            "trigger": "minecraft:location",
            "conditions": {
			"player": [
			  {
				"condition": "minecraft:entity_properties",
				"entity": "this",
				"predicate": {
				  "location": {
					"biome": "biomesoplenty:rainforest"
				  }
				}
			  }
			]
		  }
        },
		"redwood_forest": {
            "trigger": "minecraft:location",
            "conditions": {
			"player": [
			  {
				"condition": "minecraft:entity_properties",
				"entity": "this",
				"predicate": {
				  "location": {
					"biome": "biomesoplenty:redwood_forest"
				  }
				}
			  }
			]
		  }
        },
        "rocky_rainforest": {
            "trigger": "minecraft:location",
            "conditions": {
			"player": [
			  {
				"condition": "minecraft:entity_properties",
				"entity": "this",
				"predicate": {
				  "location": {
					"biome": "biomesoplenty:rocky_rainforest"
				  }
				}
			  }
			]
		  }
        },
		"rocky_shrubland": {
            "trigger": "minecraft:location",
            "conditions": {
			"player": [
			  {
				"condition": "minecraft:entity_properties",
				"entity": "this",
				"predicate": {
				  "location": {
					"biome": "biomesoplenty:rocky_shrubland"
				  }
				}
			  }
			]
		  }
        },
		"scrubland": {
            "trigger": "minecraft:location",
            "conditions": {
			"player": [
			  {
				"condition": "minecraft:entity_properties",
				"entity": "this",
				"predicate": {
				  "location": {
					"biome": "biomesoplenty:scrubland"
				  }
				}
			  }
			]
		  }
        },
		"seasonal_forest": {
            "trigger": "minecraft:location",
            "conditions": {
			"player": [
			  {
				"condition": "minecraft:entity_properties",
				"entity": "this",
				"predicate": {
				  "location": {
					"biome": "biomesoplenty:seasonal_forest"
				  }
				}
			  }
			]
		  }
        },
		"seasonal_orchard": {
			"trigger": "minecraft:location",
			"conditions": {
				"player": [
					{
						"condition": "minecraft:entity_properties",
						"entity": "this",
						"predicate": {
							"location": {
								"biome": "biomesoplenty:seasonal_orchard"
							}
						}
					}
				]
			}
		},
		"shrubland": {
            "trigger": "minecraft:location",
            "conditions": {
			"player": [
			  {
				"condition": "minecraft:entity_properties",
				"entity": "this",
				"predicate": {
				  "location": {
					"biome": "biomesoplenty:shrubland"
				  }
				}
			  }
			]
		  }
        },
		"snowy_coniferous_forest": {
            "trigger": "minecraft:location",
            "conditions": {
			"player": [
			  {
				"condition": "minecraft:entity_properties",
				"entity": "this",
				"predicate": {
				  "location": {
					"biome": "biomesoplenty:snowy_coniferous_forest"
				  }
				}
			  }
			]
		  }
        },
		"snowy_fir_clearing": {
            "trigger": "minecraft:location",
            "conditions": {
			"player": [
			  {
				"condition": "minecraft:entity_properties",
				"entity": "this",
				"predicate": {
				  "location": {
					"biome": "biomesoplenty:snowy_fir_clearing"
				  }
				}
			  }
			]
		  }
        },
		"snowy_maple_woods": {
            "trigger": "minecraft:location",
            "conditions": {
			"player": [
			  {
				"condition": "minecraft:entity_properties",
				"entity": "this",
				"predicate": {
				  "location": {
					"biome": "biomesoplenty:snowy_maple_woods"
				  }
				}
			  }
			]
		  }
        },
		"spider_nest": {
            "trigger": "minecraft:location",
            "conditions": {
			"player": [
			  {
				"condition": "minecraft:entity_properties",
				"entity": "this",
				"predicate": {
				  "location": {
					"biome": "biomesoplenty:spider_nest"
				  }
				}
			  }
			]
		  }
        },
        "tropics": {
            "trigger": "minecraft:location",
            "conditions": {
			"player": [
			  {
				"condition": "minecraft:entity_properties",
				"entity": "this",
				"predicate": {
				  "location": {
					"biome": "biomesoplenty:tropics"
				  }
				}
			  }
			]
		  }
        },
		"tundra": {
            "trigger": "minecraft:location",
            "conditions": {
			"player": [
			  {
				"condition": "minecraft:entity_properties",
				"entity": "this",
				"predicate": {
				  "location": {
					"biome": "biomesoplenty:tundra"
				  }
				}
			  }
			]
		  }
        },
		"undergrowth": {
            "trigger": "minecraft:location",
            "conditions": {
			"player": [
			  {
				"condition": "minecraft:entity_properties",
				"entity": "this",
				"predicate": {
				  "location": {
					"biome": "biomesoplenty:undergrowth"
				  }
				}
			  }
			]
		  }
        },
		"visceral_heap": {
            "trigger": "minecraft:location",
            "conditions": {
			"player": [
			  {
				"condition": "minecraft:entity_properties",
				"entity": "this",
				"predicate": {
				  "location": {
					"biome": "biomesoplenty:visceral_heap"
				  }
				}
			  }
			]
		  }
        },
        "volcanic_plains": {
            "trigger": "minecraft:location",
            "conditions": {
			"player": [
			  {
				"condition": "minecraft:entity_properties",
				"entity": "this",
				"predicate": {
				  "location": {
					"biome": "biomesoplenty:volcanic_plains"
				  }
				}
			  }
			]
		  }
        },
        "volcano": {
            "trigger": "minecraft:location",
            "conditions": {
			"player": [
			  {
				"condition": "minecraft:entity_properties",
				"entity": "this",
				"predicate": {
				  "location": {
					"biome": "biomesoplenty:volcano"
				  }
				}
			  }
			]
		  }
        },
		"wasteland": {
            "trigger": "minecraft:location",
            "conditions": {
			"player": [
			  {
				"condition": "minecraft:entity_properties",
				"entity": "this",
				"predicate": {
				  "location": {
					"biome": "biomesoplenty:wasteland"
				  }
				}
			  }
			]
		  }
        },
		"wetland": {
            "trigger": "minecraft:location",
            "conditions": {
			"player": [
			  {
				"condition": "minecraft:entity_properties",
				"entity": "this",
				"predicate": {
				  "location": {
					"biome": "biomesoplenty:wetland"
				  }
				}
			  }
			]
		  }
        },
		"withered_abyss": {
            "trigger": "minecraft:location",
            "conditions": {
			"player": [
			  {
				"condition": "minecraft:entity_properties",
				"entity": "this",
				"predicate": {
				  "location": {
					"biome": "biomesoplenty:withered_abyss"
				  }
				}
			  }
			]
		  }
        },
		"wooded_scrubland": {
            "trigger": "minecraft:location",
            "conditions": {
			"player": [
			  {
				"condition": "minecraft:entity_properties",
				"entity": "this",
				"predicate": {
				  "location": {
					"biome": "biomesoplenty:wooded_scrubland"
				  }
				}
			  }
			]
		  }
        },
		"wooded_wasteland": {
            "trigger": "minecraft:location",
            "conditions": {
			"player": [
			  {
				"condition": "minecraft:entity_properties",
				"entity": "this",
				"predicate": {
				  "location": {
					"biome": "biomesoplenty:wooded_wasteland"
				  }
				}
			  }
			]
		  }
        },
		"woodland": {
            "trigger": "minecraft:location",
            "conditions": {
			"player": [
			  {
				"condition": "minecraft:entity_properties",
				"entity": "this",
				"predicate": {
				  "location": {
					"biome": "biomesoplenty:woodland"
				  }
				}
			  }
			]
		  }
        }
    },
	"requirements": [
		[
		"auroral_garden"
		],
		[
		"bamboo_grove"
		],
		[
		"bayou"
		],
		[
		"bog"
		],
		[
		"cherry_blossom_grove"
		],
		[
		"clover_patch"
		],
		[
		"cold_desert"
		],
		[
		"coniferous_forest"
		],
		[
		"crag"
		],
		[
		"crystalline_chasm"
		],
		[
		"dead_forest"
		],
		[
		"dryland"
		],
		[
		"dune_beach"
		],
		[
		"erupting_inferno"
		],
		[
		"field"
		],
		[
		"fir_clearing"
		],
		[
		"floodplain"
		],
		[
		"forested_field"
		],
		[
		"fungal_jungle"
		],
		[
		"glowing_grotto"
		],
		[
		"grassland"
		],
		[
		"highland"
		],
		[
		"highland_moor"
		],
		[
		"jade_cliffs"
		],
		[
		"lavender_field"
		],
		[
		"lavender_forest"
		],
		[
		"lush_desert"
		],
		[
		"lush_savanna"
		],
		[
		"maple_woods"
		],
		[
		"marsh"
		],
		[
		"mediterranean_forest"
		],
		[
		"muskeg"
		],
		[
		"mystic_grove"
		],
		[
		"old_growth_dead_forest"
		],
		[
		"old_growth_woodland"
		],
		[
		"ominous_woods"
		],
		[
		"orchard"
		],
		[
		"origin_valley"
		],
		[
		"pasture"
		],
		[
		"prairie"
		],
		[
		"pumpkin_patch"
		],
		[
		"rainforest"
		],
		[
		"redwood_forest"
		],
		[
		"rocky_rainforest"
		],
		[
		"rocky_shrubland"
		],
		[
		"scrubland"
		],
		[
		"seasonal_forest"
		],
		[
			"seasonal_orchard"
		],
		[
		"shrubland"
		],
		[
		"snowy_coniferous_forest"
		],
		[
		"snowy_fir_clearing"
		],
		[
		"snowy_maple_woods"
		],
		[
		"spider_nest"
		],
		[
		"tropics"
		],
		[
		"tundra"
		],
		[
		"undergrowth"
		],
		[
		"visceral_heap"
		],
		[
		"volcanic_plains"
		],
		[
		"volcano"
		],
		[
		"wasteland"
		],
		[
		"wetland"
		],
		[
		"withered_abyss"
		],
		[
		"wooded_scrubland"
		],
		[
		"wooded_wasteland"
		],
		[
		"woodland"
		]
	],
	"rewards": {
		"experience": 1000,
		"loot": ["biomesoplenty:advancements/all_biomes"]
	}
}