{
  "display": {
    "icon": {
      "item": "enlightened_end:enduring_waste"
    },
    "title": {
      "translate": "advancements.adamantite_chunk_advancement.title"
    },
    "description": {
      "translate": "advancements.adamantite_chunk_advancement.descr"
    },
    "frame": "task",
    "show_toast": true,
    "announce_to_chat": true,
    "hidden": false
  },
  "criteria": {
    "adamantite_chunk_advancement": {
      "trigger": "minecraft:impossible"
    }
  },
  "parent": "minecraft:end/enter_end_gateway"
}