{
  "display": {
    "icon": {
      "item": "enlightened_end:xenon_bottle"
    },
    "title": {
      "translate": "advancements.bottle_gas_advancement.title"
    },
    "description": {
      "translate": "advancements.bottle_gas_advancement.descr"
    },
    "frame": "task",
    "show_toast": true,
    "announce_to_chat": true,
    "hidden": false
  },
  "criteria": {
    "bottle_gas_advancement": {
      "trigger": "minecraft:impossible"
    }
  },
  "parent": "enlightened_end:enlightened_end_root"
}