{
  "display": {
    "icon": {
      "item": "enlightened_end:cooked_ringling"
    },
    "title": {
      "translate": "advancements.eat_ringling_advancement.title"
    },
    "description": {
      "translate": "advancements.eat_ringling_advancement.descr"
    },
    "frame": "task",
    "show_toast": true,
    "announce_to_chat": true,
    "hidden": true
  },
  "criteria": {
    "eat_ringling_advancement": {
      "trigger": "minecraft:consume_item",
      "conditions": {
        "item": {
          "items": [
            "enlightened_end:cooked_ringling"
          ]
        }
      }
    }
  },
  "parent": "enlightened_end:pickup_ringling_advancement"
}