{
  "display": {
    "icon": {
      "item": "enlightened_end:adamantite_armor_helmet"
    },
    "title": {
      "translate": "advancements.full_adamantite_armour.title"
    },
    "description": {
      "translate": "advancements.full_adamantite_armour.descr"
    },
    "frame": "task",
    "show_toast": true,
    "announce_to_chat": true,
    "hidden": false
  },
  "criteria": {
    "full_adamantite_armour": {
      "trigger": "minecraft:impossible"
    }
  },
  "parent": "enlightened_end:adamantite_chunk_advancement"
}