{
  "display": {
    "icon": {
      "item": "enlightened_end:pure_radium"
    },
    "title": {
      "translate": "advancements.hold_radium_advancement.title"
    },
    "description": {
      "translate": "advancements.hold_radium_advancement.descr"
    },
    "frame": "task",
    "show_toast": true,
    "announce_to_chat": true,
    "hidden": false
  },
  "criteria": {
    "hold_radium_advancement": {
      "trigger": "minecraft:impossible"
    }
  },
  "rewards": {
    "experience": 10
  },
  "parent": "enlightened_end:radiation_advancement"
}