{
  "display": {
    "icon": {
      "item": "enlightened_end:end_portal_flask"
    },
    "title": {
      "translate": "advancements.portal_flask_advancement.title"
    },
    "description": {
      "translate": "advancements.portal_flask_advancement.descr"
    },
    "frame": "task",
    "show_toast": true,
    "announce_to_chat": true,
    "hidden": false
  },
  "criteria": {
    "portal_flask_advancement": {
      "trigger": "minecraft:impossible"
    }
  },
  "parent": "enlightened_end:adamantite_chunk_advancement"
}