{
  "display": {
    "icon": {
      "item": "enlightened_end:prismatic_bismuth_sheets"
    },
    "title": {
      "translate": "advancements.prismatic_bismuth_advancement.title"
    },
    "description": {
      "translate": "advancements.prismatic_bismuth_advancement.descr"
    },
    "frame": "goal",
    "show_toast": true,
    "announce_to_chat": true,
    "hidden": false
  },
  "criteria": {
    "prismatic_bismuth_advancement": {
      "trigger": "minecraft:placed_block",
      "conditions": {
        "item": {
          "items": [
            "enlightened_end:prismatic_bismuth_sheets"
          ]
        }
      }
    }
  },
  "parent": "minecraft:end/enter_end_gateway"
}