{
  "display": {
    "icon": {
      "item": "enlightened_end:pure_radium_block"
    },
    "title": {
      "translate": "advancements.radiation_lethal_advancement.title"
    },
    "description": {
      "translate": "advancements.radiation_lethal_advancement.descr"
    },
    "frame": "challenge",
    "show_toast": true,
    "announce_to_chat": true,
    "hidden": false
  },
  "criteria": {
    "radiation_lethal_advancement": {
      "trigger": "minecraft:impossible"
    }
  },
  "rewards": {
    "experience": 30
  },
  "parent": "enlightened_end:hold_radium_advancement"
}