{
  "display": {
    "icon": {
      "item": "enlightened_end:radium_dust"
    },
    "title": {
      "translate": "advancements.radiation_advancement.title"
    },
    "description": {
      "translate": "advancements.radiation_advancement.descr"
    },
    "frame": "task",
    "show_toast": true,
    "announce_to_chat": true,
    "hidden": false
  },
  "criteria": {
    "radiation_advancement": {
      "trigger": "minecraft:impossible"
    }
  },
  "rewards": {
    "experience": 10
  },
  "parent": "minecraft:end/enter_end_gateway"
}