{
  "display": {
    "icon": {
      "item": "enlightened_end:zure_berry"
    },
    "title": {
      "translate": "advancements.zure_berry_below_y_zero.title"
    },
    "description": {
      "translate": "advancements.zure_berry_below_y_zero.descr"
    },
    "frame": "challenge",
    "show_toast": true,
    "announce_to_chat": true,
    "hidden": false
  },
  "criteria": {
    "zure_berry_below_y_zero": {
      "trigger": "minecraft:impossible"
    }
  },
  "parent": "minecraft:end/enter_end_gateway"
}