{
  "parent": "minecraft:nether/explore_nether",
  "display": {
    "icon": {
      "item": "bygonenether:gilded_netherite_boots"
    },
    "title": {
      "translate": "advancements.bygonenether.explore_structures.title"
    },
    "description": {
      "translate": "advancements.bygonenether.explore_structures.description"
    },
    "frame": "challenge",
    "show_toast": true,
    "announce_to_chat": true,
    "hidden": false
  },
  "rewards": {
    "experience": 500
  },
  "criteria": {
    "in_catacomb": {
      "trigger": "minecraft:location",
      "conditions": {
        "player": [
          {
            "condition": "minecraft:entity_properties",
            "entity": "this",
            "predicate": {
              "location": {
                "structure": "bygonenether:catacomb"
              }
            }
          }
        ]
      }
    },
    "in_citadel": {
      "trigger": "minecraft:location",
      "conditions": {
        "player": [
          {
            "condition": "minecraft:entity_properties",
            "entity": "this",
            "predicate": {
              "location": {
                "structure": "bygonenether:citadel"
              }
            }
          }
        ]
      }
    },
    "in_fortress": {
      "trigger": "minecraft:location",
      "conditions": {
        "player": [
          {
            "condition": "minecraft:entity_properties",
            "entity": "this",
            "predicate": {
              "location": {
                "structure": "minecraft:fortress"
              }
            }
          }
        ]
      }
    },
    "in_piglin_manor": {
      "trigger": "minecraft:location",
      "conditions": {
        "player": [
          {
            "condition": "minecraft:entity_properties",
            "entity": "this",
            "predicate": {
              "location": {
                "structure": "bygonenether:piglin_manor"
              }
            }
          }
        ]
      }
    },
    "in_bastion_remnant": {
      "trigger": "minecraft:location",
      "conditions": {
        "player": [
          {
            "condition": "minecraft:entity_properties",
            "entity": "this",
            "predicate": {
              "location": {
                "structure": "minecraft:bastion_remnant"
              }
            }
          }
        ]
      }
    }
  },
  "requirements": [
    [
      "in_catacomb"
    ],
    [
      "in_citadel"
    ],
    [
      "in_fortress"
    ],
    [
      "in_piglin_manor"
    ],
    [
      "in_bastion_remnant"
    ]
  ]
}