{
  "parent": "bygonenether:citadel",
  "display": {
    "icon": {
      "item": "minecraft:ender_pearl"
    },
    "title": {
      "translate": "advancements.bygonenether.summon_enderman.title"
    },
    "description": {
      "translate": "advancements.bygonenether.summon_enderman.description"
    },
    "frame": "task",
    "show_toast": true,
    "announce_to_chat": true,
    "hidden": false
  },
  "criteria": {
    "summoned": {
      "trigger": "minecraft:summoned_entity",
      "conditions": {
        "entity": [
          {
            "condition": "minecraft:entity_properties",
            "predicate": {
              "type": "bygonenether:warped_enderman"
            },
            "entity": "this"
          }
        ]
      }
    }
  },
  "requirements": [
    [
      "summoned"
    ]
  ]
}