{
  "parent": "minecraft:adventure/kill_a_mob",
  "display": {
    "icon": {
      "item": "minecraft:diamond_sword"
    },
    "title": {
      "translate": "Professional Dungeoneer"
    },
    "description": {
      "translate": "Explore every kind of mob dungeon!"
    },
    "show_toast": true,
    "announce_to_chat": true,
    "hidden": false,
    "frame": "challenge"
  },
  "criteria": {
    "in_better_monster_room": {
      "trigger": "yungsapi:structure_location",
      "conditions": {
        "feature": "betterdungeons:small_dungeon"
      }
    },
    "in_better_zombie_dungeon": {
      "trigger": "yungsapi:structure_location",
      "conditions": {
        "feature": "betterdungeons:zombie_dungeon"
      }
    },
    "in_better_skeleton_dungeon": {
      "trigger": "yungsapi:structure_location",
      "conditions": {
        "feature": "betterdungeons:skeleton_dungeon"
      }
    },
    "in_better_spider_dungeon": {
      "trigger": "yungsapi:structure_location",
      "conditions": {
        "feature": "betterdungeons:spider_dungeon"
      }
    }
  },
  "requirements": [
    [
      "in_better_monster_room"
    ],
    [
      "in_better_zombie_dungeon"
    ],
    [
      "in_better_skeleton_dungeon"
    ],
    [
      "in_better_spider_dungeon"
    ]
  ]
}