{
  "parent": "minecraft:adventure/kill_a_mob",
  "display": {
    "icon": {
      "item": "minecraft:skeleton_skull"
    },
    "title": {
      "translate": "A Bone to Pick"
    },
    "description": {
      "translate": "Enter a Fortress of the Undead"
    },
    "show_toast": true,
    "announce_to_chat": true,
    "hidden": false
  },
  "criteria": {
    "in_better_skeleton_dungeon": {
      "trigger": "yungsapi:structure_location",
      "conditions": {
        "feature": "betterdungeons:skeleton_dungeon"
      }
    }
  },
  "requirements": [
    [
      "in_better_skeleton_dungeon"
    ]
  ]
}