{
  "parent": "minecraft:adventure/kill_a_mob",
  "display": {
    "icon": {
      "item": "minecraft:spawner"
    },
    "title": {
      "translate": "Quite the Renovation"
    },
    "description": {
      "translate": "Find an upgraded Monster Room"
    },
    "show_toast": true,
    "announce_to_chat": true,
    "hidden": false
  },
  "criteria": {
    "in_better_monster_room": {
      "trigger": "yungsapi:structure_location",
      "conditions": {
        "feature": "betterdungeons:small_dungeon"
      }
    }
  },
  "requirements": [
    [
      "in_better_monster_room"
    ]
  ]
}