{
  "parent": "minecraft:adventure/kill_a_mob",
  "display": {
    "icon": {
      "item": "minecraft:string"
    },
    "title": {
      "translate": "Cobweb Entanglement"
    },
    "description": {
      "translate": "Discover a Spider Cave"
    },
    "show_toast": true,
    "announce_to_chat": true,
    "hidden": false
  },
  "criteria": {
    "in_better_spider_dungeon": {
      "trigger": "yungsapi:structure_location",
      "conditions": {
        "feature": "betterdungeons:spider_dungeon"
      }
    }
  },
  "requirements": [
    [
      "in_better_spider_dungeon"
    ]
  ]
}