{
  "parent": "minecraft:adventure/kill_a_mob",
  "display": {
    "icon": {
      "item": "minecraft:rotten_flesh"
    },
    "title": {
      "translate": "When in Rome"
    },
    "description": {
      "translate": "Set foot in a Catacomb"
    },
    "show_toast": true,
    "announce_to_chat": true,
    "hidden": false
  },
  "criteria": {
    "in_better_zombie_dungeon": {
      "trigger": "yungsapi:structure_location",
      "conditions": {
        "feature": "betterdungeons:zombie_dungeon"
      }
    }
  },
  "requirements": [
    [
      "in_better_zombie_dungeon"
    ]
  ]
}